Name,Email
James Smith,james.smith@example.com
Mary Garcia,mary.garcia@testmail.org
Robert Johnson,robert.johnson@provider.net
Patricia Miller,patricia.miller@example.com
John Davis,john.davis@testmail.org
Jennifer Rodriguez,jennifer.rodriguez@provider.net
Michael Martinez,michael.martinez@example.com
Linda Hernandez,linda.hernandez@testmail.org
William Lopez,william.lopez@provider.net
Elizabeth Gonzalez,elizabeth.gonzalez@example.com
David Wilson,david.wilson@testmail.org
Barbara Anderson,barbara.anderson@provider.net
Richard Thomas,richard.thomas@example.com
Susan Taylor,susan.taylor@testmail.org
Joseph Moore,joseph.moore@provider.net
Jessica Jackson,jessica.jackson@example.com
Thomas Martin,thomas.martin@testmail.org
Sarah Lee,sarah.lee@provider.net
Charles Perez,charles.perez@example.com
Karen Thompson,karen.thompson@testmail.org
Christopher White,christopher.white@provider.net
Nancy Harris,nancy.harris@example.com
Daniel Sanchez,daniel.sanchez@testmail.org
Lisa Clark,lisa.clark@provider.net
Matthew Ramirez,matthew.ramirez@example.com
Betty Lewis,betty.lewis@testmail.org
Anthony Robinson,anthony.robinson@provider.net
Margaret Walker,margaret.walker@example.com
Mark Young,mark.young@testmail.org
Sandra Allen,sandra.allen@provider.net
Donald King,donald.king@example.com
Ashley Wright,ashley.wright@testmail.org
Steven Scott,steven.scott@provider.net
Kimberly Torres,kimberly.torres@example.com
Paul Nguyen,paul.nguyen@testmail.org
Emily Hill,emily.hill@provider.net
Andrew Flores,andrew.flores@example.com
Donna Green,donna.green@testmail.org
Joshua Adams,joshua.adams@provider.net
Michelle Nelson,michelle.nelson@example.com
Kenneth Baker,kenneth.baker@testmail.org
Dorothy Hall,dorothy.hall@provider.net
Kevin Rivera,kevin.rivera@example.com
Carol Campbell,carol.campbell@testmail.org
Brian Mitchell,brian.mitchell@provider.net
Amanda Carter,amanda.carter@example.com
George Roberts,george.roberts@testmail.org
Melissa Gomez,melissa.gomez@provider.net
Timothy Phillips,timothy.phillips@example.com
Deborah Evans,deborah.evans@testmail.org
Ronald Turner,ronald.turner@provider.net
Stephanie Diaz,stephanie.diaz@example.com
Edward Parker,edward.parker@testmail.org
Rebecca Cruz,rebecca.cruz@provider.net
Jason Edwards,jason.edwards@example.com
Sharon Collins,sharon.collins@testmail.org
Jeffrey Reyes,jeffrey.reyes@provider.net
Laura Stewart,laura.stewart@example.com
Ryan Morris,ryan.morris@testmail.org
Cynthia Morales,cynthia.morales@provider.net
Jacob Murphy,jacob.murphy@example.com
Kathleen Cook,kathleen.cook@testmail.org
Gary Rogers,gary.rogers@provider.net
Amy Gutierrez,amy.gutierrez@example.com
Nicholas Ortiz,nicholas.ortiz@testmail.org
Shirley Morgan,shirley.morgan@provider.net
Eric Cooper,eric.cooper@example.com
Angela Peterson,angela.peterson@testmail.org
Stephen Bailey,stephen.bailey@provider.net
Helen Reed,helen.reed@example.com
Jonathan Kelly,jonathan.kelly@testmail.org
Anna Howard,anna.howard@provider.net
Larry Ramos,larry.ramos@example.com
Brenda Kim,brenda.kim@testmail.org
Justin Cox,justin.cox@provider.net
Pamela Ward,pamela.ward@example.com
Scott Richardson,scott.richardson@testmail.org
Nicole Watson,nicole.watson@provider.net
Brandon Brooks,brandon.brooks@example.com
Emma Chavez,emma.chavez@testmail.org
Benjamin Wood,benjamin.wood@provider.net
Samantha James,samantha.james@example.com
Samuel Bennett,samuel.bennett@testmail.org
Katherine Gray,katherine.gray@provider.net
Gregory Mendoza,gregory.mendoza@example.com
Christine Ruiz,christine.ruiz@testmail.org
Alexander Hughes,alexander.hughes@provider.net
Debra Price,debra.price@example.com
Patrick Alvarez,patrick.alvarez@testmail.org
Rachel Castillo,rachel.castillo@provider.net
Frank Sanders,frank.sanders@example.com
Carolyn Patel,carolyn.patel@testmail.org
Raymond Myers,raymond.myers@provider.net
Janet Long,janet.long@example.com
Jack Ross,jack.ross@testmail.org
Catherine Foster,catherine.foster@provider.net
Dennis Jimenez,dennis.jimenez@example.com
Maria Powell,maria.powell@testmail.org
Jerry Jenkins,jerry.jenkins@provider.net
Heather Perry,heather.perry@example.com
Tyler Russell,tyler.russell@testmail.org
Diane Sullivan,diane.sullivan@provider.net
Aaron Bell,aaron.bell@example.com
Virginia Coleman,virginia.coleman@testmail.org
Jose Butler,jose.butler@provider.net
Julie Henderson,julie.henderson@example.com
Adam Haynes,adam.haynes@testmail.org
Joyce Miles,joyce.miles@provider.net
Nathaniel Moore,nathaniel.moore@example.com
Joan Perry,joan.perry@testmail.org
Douglas Young,douglas.young@provider.net
Kelly King,kelly.king@example.com
Peter Wright,peter.wright@testmail.org
Christina Scott,christina.scott@provider.net
Zachary Green,zachary.green@example.com
Judith Adams,judith.adams@testmail.org
Kyle Baker,kyle.baker@provider.net
Martha Hall,martha.hall@example.com
Walter Rivera,walter.rivera@testmail.org
Cheryl Campbell,cheryl.campbell@provider.net
Harold Mitchell,harold.mitchell@example.com
Megan Carter,megan.carter@testmail.org
Jeremy Roberts,jeremy.roberts@provider.net
Andrea Gomez,andrea.gomez@example.com
Ethan Phillips,ethan.phillips@testmail.org
Ann Evans,ann.evans@provider.net
Carl Turner,carl.turner@example.com
Alice Diaz,alice.diaz@testmail.org
Keith Parker,keith